
ID,email,propietario,color,marca,serie
723-24-3860,Nina_Cadman6038@brety.org,Nina Cadman,White,Audi R8,a8301df3-a381-4b57-9ee5-302c0694db99
702-56-4820,Alan_Poole950@naiker.biz,Alan Poole,Auburn,Hyundai Santa Fe,37939e46-6094-46a6-ab60-ee9b02a38e42
227-76-2616,Nina_Emmett9290@nimogy.biz,Nina Emmett,Emerald,Mitsubishi Lancer,9827f3f6-c794-4f41-9467-14594d25b4e2
404-60-2233,Abbey_Johnson2255@ovock.tech,Abbey Johnson,Rust,Fiat Freemont,bb1e7cdf-04dc-4e26-87f8-547f54834935
512-46-1452,Tyler_Uddin3005@cispeto.com,Tyler Uddin,Beige,Hyundai Tucson,5a3aa6c3-2e42-4b14-8267-c11da00350a5
865-72-0388,Ivette_Shepherd5310@twace.org,Ivette Shepherd,White,BMW M6,50d61a4b-f627-4b37-b1be-9d6b4ee2c624
453-41-7834,Bree_Edmonds9725@supunk.biz,Bree Edmonds,Cyan,BMW X5,b608703a-d631-429e-a43e-260dada22352
542-22-0046,Bryon_Uttridge3264@naiker.biz,Bryon Uttridge,Beige,Hyundai i40,b19da574-8e3b-4208-8de9-a54c55608a7c
707-85-0506,Barry_Clarke3712@vetan.org,Barry Clarke,Emerald,Citroen C4 Cactus,c471723d-49f0-4735-a107-e08b6599724d
588-51-8434,Hayden_Riley7785@gembat.biz,Hayden Riley,Gold,Hyundai i30,613b31a9-76d9-42b3-8dbf-6570b8bede39
361-21-8758,Alessandra_Butler892@typill.biz,Alessandra Butler,Sepia,Audi Q6,7ed7c658-9ab8-42f9-a960-235b48ae179a
666-70-7484,Marissa_Gibson7514@eirey.tech,Marissa Gibson,Mauve,BMW X5,a76f961c-8b0e-448f-9408-dac7d5be0762
568-72-2550,Darlene_Warden9445@joiniaa.com,Darlene Warden,Capri,Hyundai i30,43d91fe1-8d60-450c-9571-74b168a8ddf8
830-48-6442,Wade_Tyler7809@grannar.com,Wade Tyler,Aqua,Mitsubishi Lancer,dc3c639f-3777-4173-b8f5-26c9a12d5aff
343-06-0040,Barney_Savage7731@sveldo.biz,Barney Savage,Amethyst,Hyundai i35,548a7bd1-720e-4e12-a13e-63d3165003ec
756-76-3182,Chad_Olivier824@kideod.biz,Chad Olivier,Rust,BMW X6,870081ca-05b5-4ba5-810a-55f2671f2415
854-80-4083,Bob_Isaac8143@zorer.org,Bob Isaac,Dark Red,Fiat Argo,85f8d72f-4484-434b-ad9f-c82d30d48115
668-82-4302,Ruby_Davies2865@supunk.biz,Ruby Davies,Yellow,Audi A5,28cbcf18-27e8-4940-8331-f4805cc16169
877-40-4035,Harvey_Richards2232@famism.biz,Harvey Richards,Lavender,BMW X6,906bace8-5820-44ba-a096-08dd89d203e9
083-68-1532,Emely_Weston5431@sheye.org,Emely Weston,Olive,Hyundai i30,00886989-a9b6-4335-b182-9633b9e32cb9
407-87-8526,Keira_Wheeler5081@deons.tech,Keira Wheeler,Azure,Opel Insignia,af861caf-386d-4eec-a856-7211d67b4150
312-35-3272,Makena_Rees5320@zorer.org,Makena Rees,coral,Hyundai i30,af8862e9-8671-4878-a1a4-ed3018399f38
286-84-0602,Percy_Wooldridge3772@typill.biz,Percy Wooldridge,Pink,Mazda CX3,c84a7e36-ea04-4461-85c3-6cbcd71a11b2
461-54-1707,Wendy_Rehman4417@deavo.com,Wendy Rehman,Ultramarine,BMW M3,c07ae3c0-aac0-4b7b-b6e2-efc08706990e
042-13-0323,Barry_Flack4973@kideod.biz,Barry Flack,Camel,BMW X1,1c359aa4-51a4-4746-9bfa-4ed485fb9ca2
010-12-8201,Selena_Murphy5414@ubusive.com,Selena Murphy,Maroon,Mitsubishi Lancer,a31f8951-16bf-465e-9cbe-5eba13ce2092
663-27-1642,Cedrick_Oldfield2650@dionrab.com,Cedrick Oldfield,Lavender,Audi V8,81a5e69b-32d8-41d5-b0ee-5107792f0a57
863-50-1802,Hank_Vallins7560@zorer.org,Hank Vallins,Rust,Audi Cabriolet,fc4a6e2b-9e10-4ebc-a53b-8568e2cc60e6
776-74-6274,Rowan_Lane4234@nickia.com,Rowan Lane,Silver,BMW X1,ee18701f-230c-4c41-8b00-1c40ccd4e616
825-58-7156,Adalind_Stevens6724@gembat.biz,Adalind Stevens,Camel,Kia Soul,9145e794-52f1-4825-ba24-119d05424e19
813-15-7313,Nick_Campbell6124@bretoux.com,Nick Campbell,Apricot,Audi Q5,65504e97-34a8-49c1-98dd-f99604182e44
126-52-2106,Ethan_Hewitt2471@bauros.biz,Ethan Hewitt,Amethyst,Hyundai i20,d12b95f9-f22e-477b-8dfe-62cefcb61ee2
744-45-7118,Jacob_Jennson4913@nimogy.biz,Jacob Jennson,Cadet blue,Ford Mustang,36f3267e-318b-4a38-93ac-84947e28cc0f
874-81-0060,Janice_Bradshaw4304@typill.biz,Janice Bradshaw,Aqua,Kia Ceed,984d0ed0-7505-4f0d-9706-dd4bcb1c4319
756-70-8430,Benjamin_Appleton9314@dionrab.com,Benjamin Appleton,Lime,Audi Q5,7a238006-a0aa-4a50-a584-522207cbea62
873-70-6373,Morgan_Drew3563@gmail.com,Morgan Drew,Sepia,Mazda CX3,2e3d49c7-e14a-4c50-9b2c-c245af9b059b
826-16-3183,Javier_Daniells5503@gmail.com,Javier Daniells,Turquoise,Ford Kuga,0227187f-04b2-4321-86ad-591fa83feb19
814-86-5702,Louise_Farrell2513@corti.com,Louise Farrell,Azure,Audi R8,65277504-0a57-4d7c-a838-040f45b598f6
270-68-2446,Tara_Buckley8898@sheye.org,Tara Buckley,Dark red,Fiat Argo,7ef4a32c-7035-4d68-819b-60063822db2a
183-12-3134,Harry_Underhill7988@ovock.tech,Harry Underhill,Purple,Hyundai i40,c09cdd9a-2c28-46a1-a175-68315d6e0c5b
152-51-7456,Ramon_Jennson3740@yahoo.com,Ramon Jennson,Camel,Fiat Panda,6aff0e40-8629-4148-8f4d-9c586a5ea535
420-46-7086,Mason_Plant3247@supunk.biz,Mason Plant,Dark Red,Citroen Nemo,6ecedbb1-a02d-403f-a251-005bedca30e3
726-14-7033,Norah_Shields2426@nanoff.biz,Norah Shields,Sepia,Fiat Panda,eda0d4f8-d639-4f32-abc6-2315f96c09e7
242-67-8434,Jennifer_Yarwood4876@iatim.tech,Jennifer Yarwood,Rosewood,Audi A4,22136bc1-7043-4f52-a197-126e391a4e11
334-62-1751,Danny_Farrow8924@gmail.com,Danny Farrow,Rust,Citroen C4,09fc4459-775e-4e2c-9247-4a339e12b3d3
350-83-7887,Jayden_Upsdell2098@yahoo.com,Jayden Upsdell,Amethyst,Mazda 3,d71a2fab-8db5-4b9a-a578-65279f0a7f52
537-72-5215,Esmeralda_Gordon1354@hourpy.biz,Esmeralda Gordon,Lime,BMW X1,35883f53-edd1-4a9c-a297-92d21ebde45f
581-81-2543,Benny_Faulkner9649@supunk.biz,Benny Faulkner,Champagne,Ford Kuga,91ebb91b-d820-4047-bf03-6989bd4dafdf
082-80-8662,Vicky_Curtis7420@gmail.com,Vicky Curtis,Barbie Pink,BMW X6,c9ad5370-433e-487e-a7bd-4ee06f35832e
215-13-6026,Alessandra_York6802@brety.org,Alessandra York,Cerise,Audi Q7,ac6315d2-9074-4038-a149-0bebb47c6157
071-82-0551,Jasmine_Weston2649@extex.org,Jasmine Weston,Gray,BMW M4,beaf9e05-f026-4213-8e89-15a7926481fd
456-20-4127,Leilani_Porter7770@grannar.com,Leilani Porter,Silver,Dacia Logan,71a150fb-ba81-4da0-a5d5-51bf345e0d1c
136-46-1815,Anthony_Horton391@dionrab.com,Anthony Horton,Mauve,Ford Mustang,84617beb-c132-49a8-aac3-45155107453b
071-05-4755,Manuel_Wright2141@sheye.org,Manuel Wright,Olive,Honda Civic,a7363628-cee3-4282-8354-bbb99df8aeff
361-51-6726,Aiden_Barclay1038@cispeto.com,Aiden Barclay,Turquoise,Fiat 500,89b1687b-4eab-40ae-b795-7dacb68a8cac
736-67-8254,Carissa_Egerton8609@famism.biz,Carissa Egerton,Rosegold,Fiat Argo,8c643210-8eae-48ef-878a-421240c5c49b
775-35-5530,Candice_Russel1578@hourpy.biz,Candice Russel,Olive,Ford Mondeo,362ff42b-2190-4d11-9753-a796ffba3488
503-30-4233,Maya_Spencer946@typill.biz,Maya Spencer,Yellow,Ford Mustang,ce3df31b-cdd4-46d8-9ffc-1ff107d4d6cb
072-64-7317,Monica_Hunter9012@vetan.org,Monica Hunter,Azure,Audi Q7,73fe7e06-e77f-4663-9887-c7c0b7bb7163
031-82-0634,Alan_Harris1252@gompie.com,Alan Harris,Cadet blue,Ford Kuga,4ae740a5-a4ef-499b-8027-96606ba5e07d
620-84-3876,Alan_Moreno8134@hourpy.biz,Alan Moreno,Green,Hyundai Santa Fe,282121ec-c9dc-4659-b590-38b072e25303
630-46-2681,Bree_Seymour2727@typill.biz,Bree Seymour,Red,Ford Kuga,fd74643d-e7f6-4810-b887-59d2daaef9fd
642-20-7253,Paige_Stevenson890@mafthy.com,Paige Stevenson,Purple,Citroen Nemo,1ece425a-97d8-44b8-8816-cc1e6486cff3
373-24-1335,Gwenyth_Neville6251@eirey.tech,Gwenyth Neville,Rosegold,BMW X1,3fb092c4-ad16-4618-922f-8595f4fcab36
511-21-4180,Jacob_Spencer3748@infotech44.tech,Jacob Spencer,Lime,Mitsubishi Lancer,85c58e90-5fde-472b-a995-ab9e2add2d59
207-07-3741,Harriet_Appleton8838@yahoo.com,Harriet Appleton,Lime,Ford Fiesta,2d0126e0-1e51-492a-b613-e8441bf8c6a9
374-36-2875,Makena_Alldridge951@famism.biz,Makena Alldridge,Fuchsia,Fiat Argo,ad8659db-3f97-4d5a-ac30-fc308c9d0c61
742-27-8423,Trisha_Poulton3726@zorer.org,Trisha Poulton,Black,BMW M2,8eb5ba6f-c33d-40ac-ace2-828f1cb364c2
830-11-8400,Aleksandra_Bentley4716@eirey.tech,Aleksandra Bentley,Auburn,Hyundai i40,8e17fb74-7aed-4ac9-b8de-962225229190
350-42-1732,Maxwell_Quinton1611@famism.biz,Maxwell Quinton,Sky blue,Dacia Logan,9a335c51-3c4b-4891-bcf6-bfe0309383de
451-58-2770,Rihanna_Clifford8689@mafthy.com,Rihanna Clifford,Aqua,Dacia Logan,03979330-b17a-454e-9253-7643346b23d5
100-11-3175,Carmella_Ring9585@guentu.biz,Carmella Ring,Lavender,Audi A5,f1a6ea05-387c-45a7-83f0-a47987b45d5f
808-55-7107,Laila_Owen1079@ovock.tech,Laila Owen,Camel,Audi Q7,335d002c-6407-4077-9545-d3ecfd3c0af1
130-05-7104,Darlene_Grady2965@corti.com,Darlene Grady,Gray,Opel Insignia,840411b8-6c39-46f4-b2f7-c47584f60d19
168-40-3827,Eileen_Hogg321@bungar.biz,Eileen Hogg,Peach,Audi Q6,2ff19f85-0bfc-4b59-8aba-f87de5b40afa
856-42-0818,Daniel_Eastwood3293@zorer.org,Daniel Eastwood,Gray,Hyundai Tucson,015b49f8-3de6-4c90-b715-80bf8b006eb7
178-20-2173,Drew_Bennett5990@acrit.org,Drew Bennett,Aqua,Audi A8,f6764692-3f7b-4f82-9a66-d502d4d660b9
323-71-4317,Fred_Olson1786@liret.org,Fred Olson,Champagne,Dacia Duster,907b496d-e193-436e-8bca-d792c65416a0
357-01-5564,Ramon_London5099@hourpy.biz,Ramon London,Maroon,Hyundai Elantra,63e23c98-163d-4459-b82b-b424f0146fa5
778-54-5664,Rocco_Bentley3189@muall.tech,Rocco Bentley,Camel,Hyundai i30,4f8c6053-4b4a-4c5f-a8c1-633b2201c9bd
321-72-0265,Mya_Villiger1447@irrepsy.com,Mya Villiger,Ruby,BMW M5,5dfe0ff5-d24d-42b2-90d4-66bd663a1fdc
763-36-7367,Percy_Stanton2872@eirey.tech,Percy Stanton,Lavender,BMW X1,c6d86f8b-a45e-4463-9a48-74adafa8674d
320-41-0564,Lucy_Alcroft7832@jiman.org,Lucy Alcroft,Sky blue,Audi A4,00561b9b-2cd0-4678-8cd2-58baed9bbff7
473-84-1057,Chelsea_Downing1477@irrepsy.com,Chelsea Downing,Beige,BMW X3,8d61ab4e-430c-4b87-b6ab-f1082dff2f7d
676-16-6371,Marla_Mann6243@hourpy.biz,Marla Mann,Magenta,Hyundai i35,96834005-8454-46b6-a57c-d6f0aebbeeb2
786-38-0022,Sadie_Flynn7074@deons.tech,Sadie Flynn,Aquamarine,Opel Astra,05e1f02c-5409-44a6-bb2c-8d3d6c23bb29
560-37-0864,Logan_Gallacher8799@liret.org,Logan Gallacher,Salmon,Mitsubishi Outlander,e3fa9a8f-b96b-4791-96e1-9bcc4c9e70c9
862-41-1357,Leanne_Willis2856@dionrab.com,Leanne Willis,Dark Red,Mazda 6,35a2e1b7-9feb-42a9-9012-6a73cee693f8
330-14-0370,Thea_Thomas3260@twipet.com,Thea Thomas,Pink,Audi A5,0d4d4bc6-6055-4918-9c18-0b434810e083
536-31-6232,Rosalyn_Gardner4242@yahoo.com,Rosalyn Gardner,Magenta,Audi Q3,c64040f2-85a0-4d7a-82bf-b63fe5e4df66
714-73-5683,Nathan_Robertson2310@twipet.com,Nathan Robertson,Cyan,Fiat Panda,b3e98478-b20a-4e9f-9f9f-8757a044f2cd
315-58-3450,Maribel_Moore886@joiniaa.com,Maribel Moore,Camel,BMW X5,00e3ce9d-bb90-420c-9cb3-7f0efb17de67
204-15-1486,Manuel_Cooper8046@liret.org,Manuel Cooper,Aqua,Fiat Cronos,9760df49-670c-496f-a4a1-91a64808bc0a
180-78-0745,Rosa_Wilcox7844@qater.org,Rosa Wilcox,Sky blue,Hyundai i40,43b6407c-85dc-41d4-aa39-e38d1c2d2ca3
408-14-1016,Goldie_Mould604@gmail.com,Goldie Mould,Dark Red,Ford Fiesta,9517b185-48f4-4c06-9773-7982f1062893
348-48-8321,Andie_Khan8125@acrit.org,Andie Khan,Dark Red,Audi A8,a601ec3a-714c-4d34-9e20-f3108806b36a
352-11-8687,Melanie_Clifford3633@nanoff.biz,Melanie Clifford,Ruby,Ford Mondeo,e4f2acf7-9da0-4005-a6dd-bc21ac7e343f
383-25-8456,Johnathan_Wade5087@vetan.org,Johnathan Wade,Orange,BMW X5,800ac7a0-9010-49fb-89ef-c6a089b76262
466-73-2646,Anthony_Gosling667@sheye.org,Anthony Gosling,Silver,Dacia Sandero,b2a3235e-2544-413f-b9ba-5a4004cdefb6
853-43-7430,Danny_Weatcroft4699@bulaffy.com,Danny Weatcroft,Orange,Dacia Duster,9a863371-7d3a-4751-bf75-d1c4ac5b3a7e

